Nom Subcategoria;Informació;Contacte;Horaris;Pàgina web;Direcció
https://ajuntament.barcelona.cat/agendajove/;;;;;
Activa't Casa de l'Aigua;;;;;
Bicletades Casal de barri -Casa de L'aigua ;;;;;
Caminades CAP ;;;;;
La Karpa;Projecte comunitari que programa activitats i  tallers de lleure saludable, activitats puntuals de  sensibilització a espai públic, entitats o centres  educatius i formació per a jovent com el curs de  monitores i monitors de temps lliure, tutor de joc  o d’altres. ;680 402 323 ;;;
Generació Circ;Taller de circ social dirigit a joves. Es treballen diverses disciplines: acrobàcia, aeris (trapezi i teles), malabars, monocicle i equilibris sobre objectes (bola i cable). Es fa una mostra final amb col·lectius del territori. ;"formacio@ateneu9b.net 
tallers@ateneu9b.net // 933 509 475
";Dimecres i divendres de 16 a 17:30h ;;c. de Portlligat, 11 
