Nom Subcategoria;Informació;Contacte;Horaris;Pàgina web;Direcció
Escola Bressol l'Airet;"Centre públic depenent del Consorci d'Educació de Barcelona que acull a nens i nenes de 0 a 3 anys, en el barri de la Trinitat Nova de la ciutat de Barcelona.
";93 354 85 61 // a8047844@xtec.cat;9 a 17 h;https://agora.xtec.cat/ll-airet-bcn/;Pedrosa, 19
Escola Bressol Municipal;"Tenim com objectiu acompanyar i facilitar el desenvolupament integral i l'autonomia dels nens i nenes, i fer-lo de manera compartida amb les famílies.
";93 359 52 71 // ebmtrinitatnova@bcn.cat;De 8 a 14 h;https://ajuntament.barcelona.cat/escolesbressol/ebmtrinitatnova/;c. de la Fosca, 12 (dins del mercat)
Espai Familiar ;Espai de suport a la criança i trobada grupal amb persones adultes i infants ;eftrinitatnova@bcn.cat;Dilluns i dimecres de 16.30h a 19.30h dimarts, dijous i divendres: de 16 a 19.30h;https://www.fundacioires.org/empieza-el-espacio-familiar-1-3-anos-en-trinitat-nova/;c. de la Fosca, 12 (dins del mercat)
IETN;L’ieTN és l’institut escola del barri de Trinitat Nova i compta amb cicles d'infantil, primària, secundària i batxillerat tecnològic (compartit amb l’ITB).;secretaria@ietn.cat; 8 a 16.30 h;;c. de la Pedrosa, 16
ITB;Centre de Formació Professional de la Generalitat de Catalunya referent en formacions digitals. Ciberseguretat, programació, sistemes intel·ligents, full stack developer, animació 3D...Animació 3D, realitat virtual, metavers...bigdata.;;;;
Escola superior de conservació i resturació de bens culturals de catalunya;;;;;
