Nom Subcategoria;Informació;Contacte;Horaris;Pàgina web;Direcció
Urgèncias mèdiques;Todo tipo de emergencia;Tel: 061 o 112  /  emergencias@gmail.com;Dilluns a Diumenge 24h;https://emergencias.com;Calle Formentera 16
Guardia urbana;Guardia urbana de Trinitat Nova;Tel: 93 291 48 48 / PCnoubarris@bcn.cat;Dilluns a Diumenge 24h;http://ajuntament.barcelona.cat/guardiaurbana/ca/node;Calle Dali 4
Bombers;Bombers Trinitat Nova;Tel: 080;  - ;  - ;  - 
Emergències socials (CUESB);Trámites municipales, quejas, sugerencias;Tel: 010;Dimarts a Dissabte de 8:00 - 20:00;https://atencioenlinia.ajuntament.barcelona.cat/?i=e;  -
Policia nacional;Servicio de atención social permanente que atiende cualquier situación de urgencia y emergencia;Tel: 900 70 30 30;Dilluns a Diumenge 24h;  - ;Calle Llacuna 25
Maltracte infantil;Servei contra el maltracte infantil;Tel: 116 111 o  900 300 777;  - ;  - ;  - 
Mossos d'esquadra;;;;;
violència masclista;;;;;
