Nom Subcategoria;Informació;Contacte;Horaris;Pàgina web;Direcció
Casal Infantil Trinitat Nova;Servei municipal de lleure educatiu adreçat a infants des de P3 fins a adolescents de 4t d'ESO, i les seves famílies. ;citrinitatnova@gmail.com, 650895670 o 933534815;dilluns a divendres de 16.30h a 19h ;http://trinitatnova.org/casal_infantil_trinitat_nova/index.html;(C/ Vila-real 7-9, Local)
Espai Familiar ;espai lúdic, educatiu, de trobada i relació adreçat a les famílies amb infants d’1 a 3 anys.;933 595 276 – 678780251 /  eftrinitatnova@bcn.cat ;Dilluns i dimecres de 16.30h a 19.00h dimarts, dijous 16.00h a 18.30h i divendres 16.00h a 19.30h ;https://www.fundacioires.org/ca/comenca-lespai-familiar-1-3-anys-a-trinitat-nova/;Carrer de la Fosca, 12 (dintre del mercat)
Concilia;és un servei d’atenció i canguratge gratuït que acull infants fora de l’horari escolara adreçat a les famílies residents als barris del Pla de Barris. Amb sol·licitud previa.L'objectiu del Projecte Concilia és contribuir a l’harmonització de la vida laboral, familiar i personal mitjançant un servei que respongui a les necessitats de conciliació existents, principalment per part de les dones, pel que fa a la cura dels infants. ;"Prosperitat, Verdun, les Roquetes i la Trinitat Nova (de 3 a 12 anys) : 623 346 317  conA la Trinitat Vella i la Trinitat Nova (d’1 a 12 anys)
 722 204 496 concilia.trinitatvella@incoop.catcilia.prosperitat@incoop.cat. ";"Horaris de 3 a 12 anys: de dilluns a divendres, de 15 a 20 h. Dissabtes de 10 a 14 i de 15.30 a 18.30 h. Horaris d’1 a 3 anys: de dilluns a divendres, de 17 a 20 h.
Dissabtes de 10 a 14 i de 15.30 a 18.30 h.";https://concilia.incoop.cat/ttps://concilia.incoop.cat/contacte-barris/;
AFA IETN;Associació sense afany de lucre que treballa en benefici de l'institut escola Trinitat Nova, prenent un paper actiu a l'escola dels nostres fills i filles per ajudar en la seva experiència educativa.;933549581 afa@ietn.cat ;;https://agora.xtec.cat/ietn/general/feu-vos-familia-socia-de-lafa/;Carrer de la Pedrosa, 16*18 
AFA L'Airet;Associació sense afany de lucre que treballa en benefici de la Llar d'nfants Airet i les seves criatures ;933548561 / ampalairet@gmail.com.;;https://agora.xtec.cat/ll-airet-bcn/;C. Pedrosa, 19
AFA Escola Bressol Municipal;Associació sense afany de lucre que treballa en benefici de la escola bressol municipal i les seves criatures ;afaebmtn@gmail.com;;https://ajuntament.barcelona.cat/escolesbressol/ebmtrinitatnova/;Carrer de la Fosca, 12 (dintre del mercat)
EAIA;Equip d'Atenció a la Infància i Adolescència ;9325eaianb@bcn.cat63577 / ;Cal concertar cita prèvia;http://www.xtec.cat/crp-noubarris/Serveis%20en%20xarxa/EAIA.pdf;C Vidal i Guasch, 76*78 
DGAIA;La DGAIA és l'organisme que promou el benestar de la infància i l'adolescència en alt risc de marginació social amb l'objectiu de contribuir al seu desenvolupament personal. També exerceix la protecció i tutela dels infants i adolescents desemparats.;934 83 10 00;dilluns a divendres de 9h a 14h ;https://dretssocials.gencat.cat/ca/el_departament/funcions_i_estructura/organismes/secretaria_dinfancia_i_adolescencia/;Av. del Paral·lel, 52, 08001 Barcelona
