Nom Subcategoria;Informació;Contacte;Horaris;Pàgina web;Direcció
Oficina Habitatge de 9 barris;Les oficines de l'Habitatge només atenen presencialment amb cita prèvia;010 / ohnb@bcn.cat;De dilluns a divendres de 08:30 h a 14:30 h;https://seuelectronica.ajuntament.barcelona.cat/oficinavirtual/ca/tramit/20200001396;Plaça Major de Nou Barris, 1 
Unidad contra la exclusión residencial;respuesta centralizada y proactiva a las situaciones de desahucio, abordar las situaciones de ocupantes vulnerables en precario e impulsar las actuaciones de disciplina en materia de vivienda.;"Solicitar cita previa al teléfono de atención al ciudadano/a 010
";De lunes a viernes, de 8:00h a 15:00h;https://www.habitatge.barcelona/es/servicios-ayudas/perdida-vivienda;Pl. Major de Nou Barris, 1
Punt Assessorament Energètic (PAE); atenció personalitzada i les intervencions necessàries perquè puguis exercir els teus drets energètics;paenb@bcn.cat / 900 859 659;de dilluns a divendres, de 9.00 a 14.00, i el dijous també de 15.00 a 18.30.;https://www.habitatge.barcelona/ca/serveis-ajuts/drets-energetics/els-punts-dassessorament-energetic;Carrer de Luz Casanova 4 (Nou Barris)  
Patronat municipal d'habitatge;informació i tràmits del parc públic d'habitatge (contractuals i econòmics), per al pagament de rebuts i reduccions del lloguer. ;932 91 85 00 / https://portal.imhab.cat/;de dilluns a divendres de 9h a 14h;https://www.habitatge.barcelona/ca/qui-som/institut-municipal-habitatge-rehabilitacio;C/ del Dr. Aiguader, 36, 0
Sindicat d'habitatge de Nou Barris;Veïnes autoorganitzades contra l'especulació 9barris pel dret a l'habitatge;habitatge9b@gmail.com / Whats 613 107 790;Dimecres 17:30 Acollides - 18:30 Assemblea ;https://www.instagram.com/habitatge9b/;
