Nom Subcategoria;Informació;Contacte;Horaris;Pàgina web;Direcció
Oficina atenció al ciutadà (OAC);;;;;
Informació General;;010;;;
XARSE;;;;;
Sede electónica de la seguridad social;;;;;
APP BCN a la butxaca;;;;;
Servei Nou barris Conviu;Promoció escolar, esportiva, de la convivència i inserció sociolaboral, amb perspectiva comunitària. Activitats als centres educatius i amb grups de joves.;noubarrisconviu@civic-promocions.org - 609 36 63 28;;;c/ La Fosca, 2, 08033, Barcelona 
Mercat Municipal de Trinitat Nova;;;;;
Mercadet;;;;;
Oficina Pla de Barris;Pla d'intervenció integral amb una dotació extraordinaria del propi Ajuntament ;mvallsgi@bcn.cat / sonia.sitjas@incoop.cat;;https://www.pladebarris.barcelona/es/planes-de-barrio/la-trinitat-nova/inicio;c/ de la Fosca 12 
