Nom Subcategoria;Informació;Contacte;Horaris;Pàgina web;Direcció
Casal de Gent Gran Platja d'Aro;no actiu ;;;;C Platja d'Aro 6
Residència i centre de dia;Residència, Centre de Dia i Casal La Trinitat;93 353 50 22 /residencialatrinitat@grupvl.es;;https://fundaciovellaterra.org/residencia-la-trinitat/;C Fosca, 4*8 
Associació de gent gran Trinitat Nova;;ismapa50@hotmail.com ;;;C Platja d'Aro 6
Vincles;VinclesBCN és un projecte d’innovació social que es crea per reforçar les relacions socials de les persones grans que se senten soles i millorar el seu benestar a través de la tecnologia i del suport d'equips de dinamització social.;900 844 252;;https://ajuntament.barcelona.cat/vinclesbcn/es/vincles-bcn;
Radars;és un projecte comunitari impulsat per Serveis Socials de l’Ajuntament de Barcelona per pal·liar els efectes de la solitud no volguda i prevenir situacions de risc de les persones grans. Treballem amb els veïns i veïnes, comerços, farmàcies, persones voluntàries, entitats i equipaments per transformar els barris en comunitats humanes, segures i participatives. ;932 915 884 / radarsgentgran@bcn.cat; de dilluns a divendres, de 8.30 a 14.30 h, i dimarts i dijous també de 15 a 18.30 h;https://ajuntament.barcelona.cat/serveissocials/ca/canal/projecte-daccio-comunitaria-radars;
Punt d'atenció a les demències;Servicio de información, orientación y asesoramiento sobre enfermedades neurodegenerativas a cargo de profesionales especializados de la Fundación Uszheimer.;93 418 65 65;;;C/ Pedraforca 16-22
En bici sense edat a la Trinitat Nova;retornar a les persones grans la capacitat d’anar amb bicicleta, tenint en compte les dificultats de mobilitat d’aquest col·lectiu. Per aconseguir-ho, el programa té voluntaris i voluntàries que passegen les persones grans en tricicles elèctrics.;comunicacio@enbicisenseedat.cat ;;https://enbicisenseedat.cat/;C Garbí 3
Escola de Salut ;dotze sessions es tractaran temes com la memòria, l’envelliment actiu, la pobresa energètica, la seguretat i les rutes saludables i molt més ;;;;C Garbí 3
