Nom Subcategoria;Informació;Contacte;Horaris;Pàgina web;Direcció
Centro de Atención Primaria (CAP) AMBULATORIO;Servei sanitari atès per un equip interdisciplinar (medicina, infermeria, treball social, entre d'altres). Des del CAP t'adrecen als especialistes adients;Tel del CAP: 93 354 22 22;Dilluns a Divendres de 8:00 a 20:00;https://assirbarcelonaics.wordpress.com/on-som/;Carrer de Chafarinas, 2-8
Centro de Urgencias de Atención Primaria (CUAP);Serveis sanitaris que atenen 24 hores. Altenativa a les urgències hospitalàries.;Tel: 93 243 89 89;Dilluns a Diumenge 24h;;Avinguda de Borbó
Hospital de la Vall d'Hebron;Hospital de referència de del districtes de Nou Barris;Tel: 93 489 30 00-93 274 60 00;Dilluns a Diumenge 24h;;Pg. Vall d'Hebron, 119-129
Salut Sexual i reproductiva (ASSIR);Atenció a la salut sexual i reproductiva.En l’àmbit preventiu, educatiu, assistencial i promoció de la teva salut.;Tel. 93 354 65 21;Dilluns a Divendres de 8:00 a 20:00;;Carrer de Chafarinas, 2-8 ,1a
Asociación Española contra el cancer;Associació sense ànim de lucre que acompanyen i donen informació a pacientes amb càncer i les seves famílies.;Tel. 93 200 20 99;Dilluns a Divendres de 8:00 a 20:00;https://www.contraelcancer.es/es/sobre-nosotros/donde-estamos/sede-barcelona;Travessera de les Corts, 268
Programa Salut als Barris- Agència de Salut Pública de Barcelona;El programa Barcelona Salut als Barris te com a objectiu promocionar la salut de la comunitat a través de l'acció comunitària en salut.;Tel. 932 384 545;Dilluns a Divendres de 9:00 a 15:00;https://www.aspb.cat/arees/promocio-entorns/barris/;Plaça Lesseps, 1
Farmàcia Cristina Chacón Puig;;Tel. 93 350 56 96;Dilluns a Divendres de 8:30 a 20:30;;Carrer de Charines, 12
Farmàcia Palamós;;Tel. 93 353 66 92;Dilluns a Dissabte de 9:00 a 22:00;;Carrer de Palamòs, 58
