Nom Subcategoria;Informació;Contacte;Horaris;Pàgina web;Direcció
Barcelona Activa;"És l’agència de desenvolupament local de l’Ajuntament de Barcelona, que promou 
l’ocupació i dóna suport als emprenedors.
Disposa de programes d’orientació i inserció laboral, conjuntament amb el SOC, per 
a aturats i aturades.";93 401 98 99 - 93 401 97 77; ;https://www.barcelonactiva.cat/estem-a-prop-teu;/ Llacuna, 162-164.
SOC;És el servei de la Generalitat de Catalunya que gestiona les ofertes de treball a través de les oficines de treball de la Generalitat (OTG).  ofertes de treball, demanar una entrevista,cursos, etc.;93 276 82 50;;https://serveiocupacio.gencat.cat/ca/inici/;Pg. Valldaura, 202-204.
Punt de defensa de drets laborals;Espai d'assessorament i informació de drets laborals. L'atenció és gratuïta;932 346 121 - 900 533 175;dijous de 9 a 15;https://treball.barcelonactiva.cat/porta22/cat/assetsocupacio/programes/pagina49049/coneix-els-teus-drets.do;. C/ Vilalba dels Arcs, 39.
Servei d'inserció Laboral;Dispositivo de inserción sociolaboral Trinitat Nova  Orientaci, formació i acompanyament ; 670 245 677 / l.vega@fundaciointermedia.org;dilluns a dijous de 8h a 15h, dijous fins les 17.15h ;l.vega@fundaciointermedia.org;C/ Fosca 12
Tastet d'Oficis ;"formació en oficis a partir de la formació pràctica i el
coneixement de l’entorn productiu, amb l’acompanyament individualitzat a la formació i/o inserció
laboral per a joves.";644 81 06 32 / info.tastet@reflexes.cat;;;
